,Terms,Frequency
2855,protect,155
3255,shot,143
204,amp,134
3016,requir,132
2945,receiv,131
395,best,126
2950,recommend,123
2920,rate,121
2670,peopl,118
1605,health,105
642,child,100
3128,safe,96
2161,mask,95
2549,one,90
2025,learn,89
2863,provid,88
685,clinic,87
3600,today,87
1493,good,84
3540,thank,83
736,commun,81
1083,dose,79
1337,find,74
1144,effect,73
3916,way,73
2415,new,70
2850,proof,70
1626,help,67
596,cdc,67
1744,immun,66
3529,test,65
1400,free,64
2134,make,64
3591,time,63
3855,visit,62
1286,famili,60
322,avail,59
827,counti,57
3256,show,55
2139,mandat,54
2696,pfizer,54
1158,elig,54
3742,updat,53
1666,holiday,52
146,age,52
1788,inform,51
3941,well,51
3851,viru,50
397,better,50
1935,keep,49
187,also,48
3934,week,47
3380,state,47
1525,great,47
1782,infect,46
2063,like,46
907,data,45
2302,moderna,44
1681,hospit,44
1761,includ,44
3360,spread,44
3401,still,43
1229,everyon,43
915,day,42
808,coronaviru,42
1413,full,42
1414,fulli,42
2110,love,41
581,case,41
4039,year,41
2645,patient,39
3995,work,39
2402,need,39
1088,dr,39
2538,older,38
1224,even,38
2617,pandem,38
1305,fda,37
566,care,37
783,continu,37
2200,medic,37
254,appoint,36
1342,first,36
3431,studi,36
3808,variant,36
2663,pediatr,36
1951,kid,36
829,countri,36
2029,least,36
2801,pregnant,35
3541,thanksgiv,35
3166,schedul,35
3027,respons,35
1778,indoor,34
2322,month,33
852,covidvaccin,33
2144,mani,32
2396,near,32
3835,via,32
2677,perform,32
2866,public,31
2893,question,31
2521,offer,31
3386,statu,31
3288,site,30
2418,news,30
3487,take,30
3201,see,30
1225,event,30
2751,plea,29
2931,read,29
2361,must,29
1644,highest,28
4044,yet,28
2176,may,28
3012,report,27
2086,locat,27
117,addit,27
1641,high,26
1903,join,26
3759,use,26
2076,live,26
230,antibodi,26
1497,got,26
2261,million,26
3429,student,26
196,american,25
3390,stay,25
542,call,25
3161,say,25
2755,pm,25
2311,monday,25
3067,risk,25
129,adult,25
1755,import,25
1462,getvaccin,25
105,across,25
1764,increas,25
2215,member,24
3227,sever,24
1484,go,24
3408,stop,24
1312,feder,24
608,center,24
1735,im,24
2379,natur,24
1901,johnson,24
3222,servic,23
2816,prevent,23
3921,wear,23
1439,gather,23
3422,strong,23
3679,two,23
598,cdcgov,23
1147,effort,23
4012,would,23
91,access,23
724,come,22
713,colleg,22
470,boost,22
1256,expert,22
3186,season,22
2578,organ,22
369,becom,22
1777,individu,22
1505,govern,22
202,among,21
1609,healthi,21
844,covid19vaccin,21
2561,open,21
1227,everi,21
2404,neg,21
3738,unvaccin,21
1546,guest,21
2972,regardless,21
336,back,20
523,busi,20
1170,employe,20
2741,plan,20
3997,worker,20
1967,know,19
3940,welcom,19
1786,info,19
664,citi,19
3482,system,19
3899,want,19
3371,staff,19
1474,give,19
732,committe,19
1184,enjoy,19
1011,die,19
1385,found,19
1849,issu,19
300,attend,19
3062,right,19
1175,encourag,18
1642,higher,18
1673,hope,18
500,bring,18
635,check,18
226,anoth,18
1269,face,18
1356,flu,18
3985,within,18
1721,id,18
2376,nation,18
1058,doctor,18
2541,omicron,18
1687,hour,18
4005,world,18
3988,woman,18
471,boostershot,18
2772,popul,17
1300,fauci,17
1029,discus,17
2126,made,17
151,ago,17
1030,diseas,17
3017,research,17
2348,much,17
2777,possibl,17
2998,remain,17
2761,polici,17
1338,fine,17
186,alreadi,17
2422,next,17
2479,novemb,17
2437,nih,17
590,caus,17
3812,vax,17
2049,level,17
2522,offic,16
998,develop,16
185,along,16
3136,safeti,16
928,death,16
518,build,16
2004,last,16
2085,local,16
137,advisori,16
3138,said,16
3564,thing,16
2962,reduc,16
2101,look,16
564,card,16
3235,share,16
3789,vaccinemand,15
1317,feel,15
2204,medicin,15
1367,follow,15
688,close,15
275,art,15
3797,vaccineswork,15
994,detail,15
1629,here,15
3637,travel,15
2969,refus,15
1408,friend,15
1253,experi,15
1446,gener,15
3459,support,15
3969,widespread,15
3173,scientif,15
3285,singl,15
407,biden,15
3335,south,15
3320,societi,14
2717,photo,14
89,academi,14
823,could,14
2585,other,14
887,current,14
965,delta,14
2566,opportun,14
3544,that,14
3462,sure,14
2946,recent,14
745,complet,14
954,defens,14
3022,resourc,14
2506,obstetrician,14
1523,grate,14
2069,line,14
1189,enter,14
1176,end,14
1866,jampj,14
3725,univers,14
3492,talk,13
1335,final,13
320,author,13
3193,second,13
3171,school,13
1555,gynecologist,13
256,approach,13
1732,ill,13
940,decis,13
272,around,13
937,decemb,13
3019,resid,13
1254,experienc,13
3467,survey,13
2133,major,13
1606,healthcar,13
239,anyon,13
2073,list,13
99,acip,13
2804,prepar,12
2630,part,12
2625,parent,12
227,answer,12
2800,pregnanc,12
3825,ventil,12
258,approv,12
2537,old,12
3515,tell,12
3755,usa,12
2683,person,12
2482,number,12
491,breakthrough,12
70,aaa,12
2170,maternalfet,12
2475,nov,12
979,depart,12
1372,forc,12
1076,dont,12
3620,total,12
3565,think,12
277,articl,12
3174,scientist,12
4053,your,12
1646,highli,12
3033,result,11
1234,evolv,11
1368,food,11
3444,success,11
2776,posit,11
2834,process,11
2697,pfizerbiontech,11
3909,watch,11
3265,side,11
29,2nd,11
125,administr,11
3616,tool,11
2879,put,11
3663,tuesday,11
2702,pharmaci,11
1003,dhpsp,11
160,airborn,11
2919,rare,11
2368,myocard,11
3613,tomorrow,11
445,blog,11
1595,havent,11
1501,gotten,11
1683,host,11
3281,sinc,10
2635,partner,10
3267,sign,10
2749,playhous,10
2044,let,10
287,associ,10
3751,urg,10
619,challeng,10
3590,tightfit,10
3889,walkin,10
3030,restaur,10
2789,practic,10
1535,group,10
2106,lot,10
2843,progress,10
1421,futur,10
224,announc,10
124,administ,10
623,chanc,10
2138,manag,10
3172,scienc,10
1574,happi,10
20,1st,10
512,buck,10
1601,head,10
3002,remind,10
2007,latest,10
3412,stori,10
3218,seri,10
1231,evid,10
3641,treat,10
2491,nyc,10
2342,mrna,10
3642,treatment,10
1479,global,10
2140,mandatori,10
2328,morn,10
1667,home,10
1110,due,10
2074,listen,10
2523,offici,10
2070,link,9
1793,initi,9
3378,start,9
2700,pharma,9
1105,drug,9
779,contact,9
1616,heard,9
2819,primari,9
2841,program,9
2859,proud,9
718,colorado,9
3219,seriou,9
2953,record,9
3837,video,9
540,california,9
3155,sarscov2,9
4051,young,9
559,cant,9
3082,robust,9
107,action,9
3867,vote,9
2398,nearest,9
93,accord,9
3633,transmiss,9
1746,immunocompromis,9
2151,marin,9
3628,track,9
2094,long,9
1059,document,9
934,dec,9
80,abl,9
2083,lo,9
216,angel,9
343,bar,9
3506,team,9
1169,employ,9
3577,three,8
1404,friday,8
3978,winter,8
1209,especi,8
3645,tri,8
741,compar,8
3657,trust,8
3225,set,8
2291,mix,8
3278,simpl,8
3760,usfda,8
3713,understand,8
2428,nh,8
2472,note,8
2461,normal,8
335,babi,8
2932,readi,8
3204,seen,8
153,ahead,8
1258,explain,8
3927,websit,8
3826,venu,8
1250,expect,8
665,citizen,8
1013,differ,8
545,campaign,8
2190,mean,8
3586,ticket,8
2993,releas,8
3958,whether,8
1688,hous,8
3684,type,8
3614,tonight,8
788,control,8
3986,without,8
3396,step,8
3334,sourc,8
1658,hit,8
2619,panel,8
3331,soon,8
3974,win,8
895,daili,8
2810,presid,8
1292,far,8
264,arent,7
1249,expand,7
807,corona,7
1193,entri,7
1549,guidanc,7
3930,wednesday,7
2641,past,7
3558,there,7
1803,inperson,7
1124,easier,7
2194,measur,7
4038,ye,7
4043,yesterday,7
1123,easi,7
3832,veteran,7
1722,idea,7
1188,ensur,7
2739,place,7
1895,john,7
2671,per,7
3066,rise,7
872,critic,7
2722,physician,7
1394,frame,7
412,big,7
2971,regard,7
834,court,7
772,consid,7
147,agenc,7
1347,five,7
2822,prior,7
760,condit,7
3887,walk,7
906,dashboard,7
755,concern,7
1854,ive,7
2598,overal,7
3585,thursday,7
1163,email,7
1702,human,7
3038,return,7
1290,fan,7
1061,doesnt,7
624,chang,7
1220,europ,7
1476,given,7
98,achiev,7
132,advers,7
2783,potu,7
2787,power,7
2633,particip,7
351,base,7
555,candid,7
2628,park,7
1328,fight,7
490,breakingnew,7
1070,done,7
1988,la,6
1271,fact,6
1091,drfauci,6
1857,jab,6
612,certain,6
1081,door,6
3001,rememb,6
2019,le,6
649,choic,6
2113,lowest,6
2111,low,6
747,compli,6
2058,life,6
1418,fund,6
2571,option,6
2825,prison,6
2574,order,6
1352,florida,6
1617,heart,6
2791,precaut,6
789,controversi,6
2636,partnership,6
1463,getvaccinatednow,6
2259,militari,6
1190,entertain,6
2563,oper,6
2546,oncamera,6
650,choos,6
1812,insur,6
2977,regist,6
1573,happen,6
2976,region,6
2169,match,6
2162,maskless,6
2002,larg,6
991,despit,6
1244,exempt,6
1403,frequent,6
2934,real,6
2927,reach,6
2014,law,6
1226,ever,6
2868,publichealth,6
1893,job,6
1191,entir,6
2827,privat,6
318,austria,6
37,3rd,6
3423,stronger,6
3567,third,6
3721,unit,6
3317,social,6
3114,run,6
3533,texa,6
189,alway,6
3936,weekli,6
553,cancer,6
182,almost,6
3147,san,6
546,campu,6
3353,spike,6
3454,super,6
143,africa,6
3463,surg,6
139,affect,6
95,account,6
437,black,6
3991,wonder,6
3188,seattl,6
3617,top,6
263,area,6
4001,workplac,6
3264,sick,6
3417,street,6
3302,smart,5
1946,key,5
2230,messag,5
1069,donat,5
2205,medium,5
2942,reason,5
3526,terror,5
2282,misinform,5
1260,explor,5
3339,spanish,5
3290,six,5
2435,night,5
2246,michigan,5
787,contribut,5
3512,teen,5
1295,fast,5
3594,tip,5
3196,secretari,5
131,advanc,5
1879,jesuit,5
283,ask,5
3496,task,5
2485,nurs,5
957,definit,5
3876,vulner,5
753,compulsori,5
3819,vaxupphilli,5
740,compani,5
3799,vaer,5
181,allow,5
249,appeal,5
1149,egw,5
1043,distanc,5
3655,trump,5
2116,luck,5
3568,thisisourshot,5
2363,mutat,5
1019,dine,5
1185,enough,5
2808,present,5
2339,move,5
1015,digit,5
3572,thought,5
3749,uptod,5
3629,tracker,5
1810,institut,5
1004,diabet,5
2399,nearli,5
703,code,5
2186,md,5
2917,rank,5
3253,short,5
328,awar,5
188,although,5
2861,proven,5
118,address,5
286,assist,5
824,council,5
3922,wearamask,5
568,caregiv,5
4011,worth,5
3015,request,5
1603,heal,5
1716,ibd,5
3949,west,5
3952,weve,5
3956,what,5
2642,patent,5
1426,game,5
1671,honor,5
3086,role,5
1615,hear,5
2721,physic,5
889,custom,5
1657,histori,5
3967,wide,5
1631,hesit,5
1638,hhsgov,5
1640,hi,5
1647,highlight,5
3425,strongli,5
610,centr,5
4019,wsj,5
3925,webinar,5
1725,identifi,5
3159,save,5
2675,perfect,5
2764,polit,5
939,decid,5
106,act,5
2704,pharmalittl,5
2705,pharmalot,5
2544,omnicron,5
2756,podcast,5
865,creat,5
1756,improv,5
2981,regular,5
586,catch,5
374,began,5
1566,hand,5
4050,youll,5
375,begin,5
1552,gym,5
1752,implement,5
1449,genocid,5
1378,form,5
2290,mitig,4
3575,threat,4
2638,pas,4
2331,mother,4
2648,patron,4
1046,district,4
857,cowork,4
298,atrupar,4
3582,throughout,4
2655,pavilion,4
953,defeat,4
2369,myth,4
2405,neighbor,4
2518,octob,4
3488,taken,4
3479,symptom,4
971,demonstr,4
3466,surpass,4
2458,noon,4
2438,nihceal,4
3458,suppli,4
3527,terrorist,4
993,destruct,4
913,david,4
995,detect,4
3452,sunday,4
3547,theaterbcp,4
330,away,4
2568,opposit,4
329,award,4
380,believ,4
381,bell,4
1010,didnt,4
950,dedic,4
2583,osha,4
3446,suggest,4
385,benefit,4
2613,page,4
1020,dinner,4
3571,though,4
3741,upcom,4
1094,drive,4
1396,franci,4
1736,imag,4
1741,immedi,4
1379,former,4
1748,impact,4
3904,wash,4
1754,implic,4
90,accept,4
96,accur,4
1361,flyer,4
101,acp,4
1783,infecti,4
104,acr21,4
108,activ,4
109,actual,4
1805,insight,4
1341,fire,4
1336,financi,4
1323,festiv,4
1837,invit,4
1720,icymi,4
1401,freedom,4
2251,might,4
3959,white,4
1542,guard,4
4057,youv,4
1506,governor,4
1502,gov,4
9,11yearold,4
1579,hard,4
1478,glad,4
4009,worri,4
1475,giveaway,4
4007,worldwid,4
3994,word,4
3984,wish,4
3982,wise,4
1650,highrisk,4
3964,whole,4
1659,hiv,4
1664,hold,4
1432,garden,4
54,617to416,4
122,adm2021,4
3874,vsafe,4
1875,jerusalem,4
1888,jnj,4
2097,longer,4
2099,longterm,4
231,anticip,4
1168,emphas,4
234,antivaccin,4
1165,emerg,4
1151,either,4
3646,trial,4
1145,efficaci,4
253,appli,4
2159,maryland,4
259,appt,4
2173,matter,4
2187,mdhh,4
1115,dyk,4
3615,took,4
3606,told,4
3602,togeth,4
2236,mexico,4
2088,lockdown,4
2075,littl,4
3381,statement,4
3817,vaxnew,4
1291,faq,4
3858,vital,4
3856,visitor,4
1273,factor,4
1266,extrem,4
1264,extra,4
154,ahrq,4
157,aim,4
1240,except,4
3745,upon,4
175,algorithm,4
184,alon,4
1216,ethic,4
191,alzheim,4
1203,equiti,4
2057,lie,4
192,amaz,4
3750,urban,4
415,bigpharma,4
0,01the,4
3213,sentenc,4
3341,speak,4
621,champion,4
3113,rule,4
3195,secret,4
3358,spot,4
1518,grant,4
758,conclud,4
3209,sen,4
3056,rich,4
663,circuit,4
3026,respond,4
3133,safer,4
429,biotech,4
2996,religi,4
696,cnn,4
3366,st,4
3135,safest,4
2894,questionbuild,4
2754,plu,4
749,complic,4
793,convert,4
820,cost,4
2958,recruit,4
2746,play,4
424,billoccham,4
3158,saturday,4
774,consist,4
558,cannot,4
726,comfort,4
440,bless,4
682,click,4
3199,secur,4
2769,pop,4
492,breastfeed,4
3344,special,4
602,celebr,4
2948,recipi,4
2949,recogn,4
2910,rais,4
689,closer,4
2706,phase,4
687,clinician,4
605,cell,4
2715,phlpublichealth,4
538,calgari,3
3635,transplant,3
3247,shingl,3
2992,relat,3
1389,fox,3
2182,mcc,3
2991,rel,3
3625,town,3
473,border,3
2225,merck,3
2221,mental,3
1384,forward,3
2192,meanwhil,3
3915,wavy10,3
639,chicago,3
2210,meet,3
641,chief,3
1757,imvaccin,3
2163,maskup,3
485,brand,3
3905,washington,3
2848,promot,3
3623,tour,3
2164,mass,3
3914,wave,3
3297,slow,3
748,complianc,3
3018,reserv,3
3935,weekend,3
301,attende,3
762,confid,3
3573,thousand,3
1410,front,3
1054,dm,3
764,confirm,3
1700,huge,3
2316,monoclon,3
765,congress,3
2341,mrk,3
66,90th,3
1045,distribut,3
1691,hr,3
1417,fun,3
1042,disproportion,3
1706,hundr,3
2315,monitor,3
2839,profit,3
2273,minnesota,3
2837,profession,3
2836,product,3
3004,remov,3
2835,produc,3
1141,educ,3
1087,download,3
2270,minist,3
2276,minor,3
2308,moment,3
630,chart,3
290,assur,3
2285,miss,3
294,atana,3
3584,thru,3
2295,mn,3
2298,mobil,3
3636,transport,3
102,acquir,3
1760,incid,3
1882,jilevin,3
3827,verif,3
1996,lake,3
2000,lapublichealth,3
3207,select,3
3814,vaxart,3
2954,recov,3
1241,excit,3
1238,exceed,3
2009,latino,3
3800,valid,3
1308,featur,3
2016,layer,3
3795,vaccinessavel,3
2956,recoveri,3
2957,recreat,3
2022,leader,3
2023,leadership,3
674,class,3
3830,vermont,3
2146,manufactur,3
1255,experiment,3
1918,judg,3
1282,fall,3
1928,kadelia,3
1905,joint,3
1950,kick,3
1275,faculti,3
144,african,3
2943,rec,3
3848,virginia,3
1270,facil,3
3839,viewer,3
3202,seek,3
3864,volum,3
1261,expo,3
677,clearli,3
3866,voluntari,3
2939,realli,3
2921,rather,3
2030,leav,3
1217,eua,3
1316,feedback,3
526,bust,3
1804,insid,3
3675,twilio,3
1346,fit,3
3671,turnout,3
3670,turn,3
658,church,3
2974,regimen,3
2353,multipl,3
237,antivir,3
3660,truth,3
100,acog,3
723,combin,3
3653,true,3
244,apart,3
489,break,3
2980,regul,3
3680,twodos,3
112,ad,3
1339,finish,3
1198,episod,3
121,adjust,3
1214,et,3
1212,establish,3
1211,essenti,3
1841,iran,3
1839,iowa,3
2898,quickli,3
3217,sequenc,3
116,add,3
2066,limit,3
1829,introduc,3
711,colleagu,3
3729,unlik,3
1332,fill,3
211,analysi,3
3224,session,3
2817,previous,3
1913,joy,3
627,charg,3
600,cedarssinai,3
1468,gift,3
33,32m,3
30,2pm,3
2534,oklahoma,3
3087,roll,3
2760,polic,3
367,becam,3
595,ccstaysaf,3
814,correct,3
3051,rhhbi,3
2555,onlin,3
2558,onsit,3
4013,wouldnt,3
2748,player,3
1600,he,3
910,date,3
3450,summit,3
3475,swab,3
942,declanchellar,3
611,ceo,3
3992,wont,3
3109,rsna21,3
3032,restrict,3
968,demand,3
1453,georgia,3
348,barrier,3
2480,npr,3
2481,nuecesknow,3
1454,germani,3
958,degre,3
802,copi,3
2494,nychealthsystem,3
42,4th,3
2770,pope,3
2495,nytim,3
2500,obgyn,3
3094,room,3
946,decreas,3
1485,goal,3
379,behind,3
431,birthday,3
1487,god,3
585,cat,3
3079,robert,3
1548,guid,3
4055,youth,3
837,coverag,3
863,crawford,3
3077,robberi,3
2664,pediatrician,3
1508,govrondesanti,3
3074,rna,3
3374,stand,3
1539,gt,3
2673,percent,3
3375,standard,3
1536,grow,3
1529,greec,3
2692,peterhotez,3
401,beyond,3
1550,guidelin,3
875,crowd,3
2599,overcom,3
2732,pill,3
1581,harder,3
2589,outcom,3
826,count,3
2590,outdoor,3
2592,outreach,3
2593,outsid,3
4040,yearold,3
3372,stage,3
4046,york,3
1560,half,3
4047,yorker,3
2631,parti,3
2632,partial,3
3418,strengthen,3
3061,ride,3
2469,nose,3
357,bay,3
3327,someth,3
319,austrian,3
3519,ten,3
1023,director,3
1022,directli,3
3960,whitehous,3
3021,resolut,3
1014,difficult,3
2414,never,3
444,blockchain,3
331,awesom,3
1012,diego,3
446,blood,3
3023,respect,3
3115,rupert,3
2392,ncpol,3
2413,neutral,3
614,certif,3
1655,hire,3
3536,text,3
2463,north,3
2799,prefer,3
2796,predict,3
2798,predomin,3
2401,necessari,3
563,capit,3
2420,newsmax,3
3028,rest,3
3326,someon,3
1684,hot,3
2782,potenti,3
2439,nj,3
3971,will,3
3557,therapi,3
771,conserv,3
3304,smartphon,3
3510,technolog,3
3020,resist,3
3340,spark,3
2781,postvaccin,3
2358,murdoch,3
773,consider,3
315,austin,3
1028,discov,3
58,730pm,3
3025,respiratori,2
3929,wed,2
3871,voxdotcom,2
1856,ivermectin,2
3872,vrbpac,2
1696,hrsagov,2
1851,item,2
1527,greatest,2
1712,hygien,2
3928,wecandothi,2
3083,roc,2
3857,visual,2
1582,hardest,2
1541,guam,2
1846,island,2
4058,yr,2
3131,safeguard,2
4063,zip,2
1711,hydroxychloroquin,2
1897,johnjharwood,2
3198,sector,2
1863,jamaica,2
1676,hopkin,2
1894,joe,2
4052,younger,2
1704,humanresourc,2
3075,road,2
2951,recommit,2
1669,honest,2
1708,hurt,2
3962,whittier,2
3052,rhiju,2
1878,jesu,2
1908,joncoopertweet,2
3057,richard,2
1665,holi,2
1709,husband,2
3942,wellb,2
1870,jbfc,2
1562,halloween,2
1564,hampshir,2
3868,voteblu,2
3933,wednesdaythought,2
3865,volunt,2
3869,votesci,2
4041,yep,2
1643,highereduc,2
1845,isaiahfrench14,2
1774,indic,2
1769,india,2
3920,wealthi,2
1628,herd,2
1729,igottheshot,2
1649,highprofil,2
1625,hello,2
1622,hek293,2
3163,scari,2
1728,ignor,2
3170,scholarship,2
3993,woot,2
3898,wane,2
3946,went,2
2973,regenstrief,2
1765,incred,2
2978,registr,2
3180,screen,2
2983,rehabilit,2
3981,wisconsin,2
1750,impass,2
3977,winner,2
3100,round,2
1742,immigr,2
2986,reinfect,2
3902,warn,2
3111,rt,2
3900,war,2
3156,sat,2
1737,imagin,2
1632,hey,2
3036,resurg,2
3919,weaken,2
3040,reuter,2
3181,scroll,2
4016,wrap,2
1831,invent,2
3048,rheumatologist,2
1821,intern,2
1823,internist,2
3050,rheumcovid,2
3191,secdef,2
3014,republican,2
1833,invest,2
3042,review,2
1834,investig,2
1836,invis,2
2959,red,2
1719,icu,2
1597,hawaii,2
1844,irv,2
3926,webpag,2
3139,sail,2
3891,wall,2
1808,instead,2
1614,healthyki,2
3890,walkup,2
1652,hill,2
3152,santa,2
1611,healthyboston,2
1724,identif,2
3041,reveal,2
1818,interest,2
2966,reform,2
1604,healer,2
3881,wake,2
3187,seat,2
2964,reemerg,2
3879,wait,2
3379,stat,2
3705,uncov,2
1940,kenloncz,2
2779,poster,2
3318,socialdist,2
3323,solid,2
2393,ncpolicywatch,2
2397,nearbi,2
3530,testimoni,2
2790,pray,2
3337,space,2
2785,potuss,2
2417,newhampshir,2
3517,temporari,2
3514,telephon,2
2436,nightlif,2
3507,teamfbcc,2
1944,kern,2
2465,northeast,2
2467,northwest,2
2471,notabl,2
2778,post,2
3503,teach,2
2476,novaccinemand,2
3495,tanner,2
3490,tale,2
2484,nuremberg,2
2493,nychealthi,2
3484,tablet,2
2498,oakley,2
3308,smooth,2
2390,ncgov,2
2389,ncga,2
2388,nced,2
3580,thrive,2
2307,mom,2
2318,monopoli,2
3579,thrill,2
2319,monro,2
2323,monthli,2
2824,prioriti,2
2332,motion,2
2338,mouth,2
3072,rituximab,2
2343,mrna1273,2
3303,smartnew,2
2345,mtg,2
2818,price,2
2349,mucos,2
2355,multipurpos,2
2359,music,2
3305,smdh,2
2373,name,2
3551,theeconomist,2
2378,nativehealth,2
3545,thdivewhisper,2
2380,naturalimmun,2
2386,nbcnew,2
3307,smile,2
2503,observ,2
3483,tab,2
2507,obtain,2
2725,pico,2
3443,substitut,2
3369,stadium,2
3440,submit,2
3437,sturdier,2
2724,pick,2
3424,strongest,2
3370,staf,2
2634,particularli,2
3415,strategi,2
2640,passport,2
3411,store,2
2716,phone,2
2644,patienc,2
3402,stillbirth,2
2656,pay,2
3392,stayinform,2
2667,pend,2
2669,pennsylvania,2
3387,status,2
3385,statnew,2
3383,statewid,2
3376,stanfordm,2
2678,perhap,2
2680,period,2
3377,star,2
2610,pacif,2
2587,ought,2
2508,obvious,2
3448,summari,2
2515,occur,2
2765,poll,2
3345,specialist,2
3480,symptomat,2
3346,specif,2
3472,sustain,2
3471,suspect,2
2524,often,2
2531,ok,2
2533,okcic,2
3470,suscept,2
3468,surviv,2
2542,omicronvari,2
2758,point,2
3348,spectrum,2
2547,oncampu,2
2554,ong,2
2562,openvaccin,2
2565,opioid,2
2567,oppos,2
3362,sputnik,2
3449,summer,2
2569,opt,2
2575,ordin,2
2579,origin,2
2300,model,2
2833,problem,2
2287,missouri,2
3779,vaccineboost,2
2034,left,2
2036,legal,2
2037,legisl,2
2916,rang,2
3771,vaccinatecnmi,2
2045,lethal,2
2047,letsgobrandon,2
2053,lhuang3,2
2054,liberti,2
2895,quick,2
2061,lift,2
2889,quarantin,2
3748,uptak,2
3746,upper,2
2884,qham10,2
3722,unitedway,2
2880,putin,2
3229,sf,2
3719,union,2
3710,underli,2
3709,undergo,2
2695,pfe,2
3691,uk,2
2878,pushback,2
2091,log,2
3215,separ,2
3212,senior,2
3683,txlege,2
3781,vaccineequ,2
2944,recap,2
1953,kidshealth,2
3847,viral,2
1956,kind,2
1968,known,2
1975,kung,2
1983,kyri,2
3203,seem,2
3838,view,2
1989,lab,2
3831,version,2
1990,labor,2
1995,lag,2
2937,realcandaceo,2
1999,languag,2
3811,vast,2
2005,late,2
3810,variou,2
2012,launch,2
3803,valneva,2
2015,lawyer,2
3210,senat,2
2929,reaction,2
2020,lead,2
3794,vaccinesideeffect,2
3687,uaw,2
2877,push,2
3284,singapor,2
3251,shop,2
3621,touch,2
3618,topic,2
2203,medicar,2
2846,project,2
3254,shortag,2
2842,programm,2
2212,meharrymed,2
2213,meinert,2
3276,silver,2
3277,similar,2
2217,memphi,2
2224,merci,2
2840,profound,2
2232,met,2
2234,metoo,2
2250,midst,2
2256,mild,2
3598,tmobil,2
2262,millionstop,2
3596,tirelessli,2
2263,milwauke,2
2264,mind,2
3279,simul,2
2277,minut,2
2280,miser,2
3624,toward,2
2853,propos,2
2875,pursu,2
2172,mathew,2
3673,tweet,2
3234,shape,2
2872,puerto,2
2871,publish,2
2869,publicli,2
2112,lower,2
3669,turkey,2
3666,tumor,2
3237,sharp,2
2119,lung,2
2123,mac,2
2131,main,2
2132,maintain,2
3643,trend,2
3240,sheep,2
3638,travelersorg,2
2862,proverb,2
2860,prove,2
2150,mariett,2
3248,ship,2
2165,massachusett,2
2166,massdph,2
2167,massleagu,2
3631,train,2
2857,protein,2
3073,river,2
2032,led,2
377,begun,2
302,attent,2
597,cdcdirector,2
1021,direct,2
867,credit,2
1195,epidemiologist,2
1024,disabl,2
1192,entrepreneur,2
1370,footbal,2
149,aggress,2
1187,enrol,2
313,augusta,2
1183,engulf,2
864,creakyjoint,2
1027,disclosur,2
1377,forget,2
625,chapman,2
1359,fluvaccin,2
478,bot,2
479,bottom,2
589,cathol,2
303,atthejbfc,2
1208,esp,2
1349,flexibl,2
1207,erictopol,2
304,attorney,2
1205,era,2
165,albani,2
877,cruis,2
307,atulgrovermd,2
1202,equit,2
592,cbsnew,2
593,cc,2
1201,equateal,2
878,cruiser,2
860,cr,2
136,advisor,2
135,advis,2
1424,gain,2
462,bodi,2
92,accomplish,2
461,bobbypatriot69,2
87,abus,2
1048,divid,2
1049,divis,2
83,abroad,2
843,covid19u,2
660,ciara,2
833,cours,2
1153,elderli,2
1428,gamer,2
1429,gap,2
832,coupl,2
339,baker,2
338,bad,2
323,ave,2
1034,disney,2
1179,enforc,2
467,book,2
1178,endors,2
126,admiss,2
324,averag,2
1391,foxnew,2
1035,disneyland,2
110,actuari,2
115,adapt,2
848,covidiot,2
332,azn,2
1038,disord,2
1039,dispar,2
1407,fridaythought,2
481,box,2
482,boy,2
1434,garment,2
1210,esperanzahope4al,2
215,andrewholnessjm,2
214,andor,2
1267,eye,2
1297,father,2
247,aph,2
248,app,2
250,appel,2
1263,extend,2
255,appreci,2
930,deathsanti,2
257,appropri,2
261,april,2
926,dear,2
925,dean,2
265,argu,2
548,campuswid,2
218,angeleno,2
520,built,2
535,cagovernor,2
235,antivax,2
962,deliv,2
963,deliveri,2
223,annastaciamp,2
532,ca,2
1278,fair,2
967,deltavari,2
547,campus,2
970,demograph,2
972,deni,2
541,californian,2
944,declin,2
544,came,2
1285,falter,2
923,deadlin,2
1304,fcked,2
922,deadliest,2
996,determin,2
493,breath,2
284,ass,2
896,dakota,2
894,da,2
571,caribbean,2
990,design,2
1221,european,2
901,dan,2
292,astrazeneca,2
486,brandnew,2
177,alleg,2
578,carri,2
1215,etc,2
1213,estim,2
900,damn,2
1324,fetal,2
1306,fear,2
1311,fed,2
203,amongst,2
920,dead,2
270,arm,2
502,brooklyn,2
1310,februari,2
561,capac,2
981,departur,2
1239,excel,2
982,deploy,2
916,dc,2
195,america,2
911,dave,2
498,bright,2
497,bridg,2
1152,elcaminoaso,2
1388,four,2
1095,drivethrough,2
443,block,2
55,6th,2
763,confidenti,2
1067,domest,2
801,cop,2
761,confer,2
423,billkristol,2
1492,goldfing,2
40,45th,2
1096,drivethru,2
1114,duty2warn,2
15,18th,2
60,80k,2
411,bidenyour,2
683,client,2
680,clergi,2
1450,genocidereaper7,2
36,3dose,2
709,colinpowel,2
698,coach,2
62,8am4pm,2
815,correl,2
1072,donnakuntz7,2
418,bill,2
710,coliseum,2
1128,eat,2
1113,duti,2
770,consent,2
1464,getvax,2
416,biib,2
50,5x,2
1132,ecmhsp,2
811,corp,2
47,5g,2
1134,economist,2
715,coloni,2
716,color,2
371,bed,2
1084,doubl,2
757,concess,2
806,corner,2
822,costlier,2
733,common,2
705,coincident,2
1146,effici,2
1079,dontwaittovaccin,2
746,complex,2
1437,gate,2
728,commenc,2
1440,gave,2
792,conversationu,2
1441,gavinnewsom,2
355,battl,2
1491,gold,2
676,clear,2
785,contract,2
63,8pm,2
1101,drop,2
780,contain,2
1063,doh,2
756,concert,2
1125,easili,2
794,convinc,2
72,aappeliii,2
743,compet,2
1488,goe,2
1119,earli,2
3238,shed,1
488,bratokolloza,1
419,billdod9834867,1
3367,sta,1
503,brooklynnet,1
3239,sheenawrightnyc,1
420,billgat,1
3220,serious,1
494,brennaspenc,1
3236,sharfstein,1
3241,sheepl,1
3221,serv,1
3368,stabl,1
421,billgreensmain,1
3228,severecovid,1
427,biolog,1
3226,seven,1
504,brothel,1
425,billshortenmp,1
499,brilliant,1
3223,sesam,1
501,bronx,1
3373,stall,1
3230,sfnew,1
3231,sfsu,1
3232,sgchd,1
3233,shanikultur,1
496,briankempga,1
422,billion,1
495,brian,1
428,biosimilar,1
426,biogen,1
3321,sol,1
3216,sequela,1
524,busier,1
3391,stayhealthi,1
408,bidenfl,1
3194,secondari,1
521,bull,1
3393,staysaf,1
3192,secmandycohen,1
522,burbankca,1
3394,stefanik,1
3190,sec,1
3395,stein,1
3189,sebastian,1
525,businessn,1
3197,secretarypet,1
406,bid,1
527,butt,1
3185,search,1
3184,sea,1
3183,sdpoa,1
3397,stephani,1
3398,stephenirvine4,1
3399,steril,1
3400,stick,1
3182,sdcitycouncil,1
528,buttigieg,1
519,buildimmun,1
517,bug,1
505,brown,1
3384,station,1
3214,sentiment,1
506,bryan,1
417,bike,1
507,btsd,1
3382,statenisland,1
3211,senategop,1
508,btsdproud,1
509,btsdtiger,1
3208,sellick,1
510,bubbl,1
414,bigindiangyasi,1
3206,segment,1
409,bidenmand,1
3205,segev,1
511,bubblytest,1
513,buckscounti,1
413,bigger,1
514,budget,1
410,bidensamerica,1
3388,statusso,1
515,buffalo,1
3200,secvilsack,1
3389,staunch,1
516,buffywick,1
3242,sheer,1
433,bit,1
430,birth,1
3299,slum,1
464,bogochisaac,1
3296,sleeveup4headstart,1
451,blvd,1
3295,slayerpet,1
3294,sky,1
3293,skunk,1
3332,sooner,1
3292,skipmav,1
3291,sixth,1
3333,sorri,1
465,bolster,1
3289,situat,1
466,bono,1
3287,sir,1
450,bluntli,1
449,bluefield,1
3286,sinkcovid,1
3179,scream,1
3336,southsideweekli,1
448,blue,1
468,bookstor,1
3338,spam,1
447,bloodwork,1
3283,sinema,1
3282,sincer,1
3298,slowli,1
3300,small,1
3280,sinai,1
3301,smallbusi,1
3319,socialdistanc,1
3322,soldier,1
456,bnodesk,1
454,bn9,1
3324,solomonstr,1
457,bnt162b2,1
3325,solut,1
3316,sober,1
3315,soar,1
3314,snhdinfo,1
3313,sngx,1
453,bmrn,1
3312,sneez,1
3311,snd,1
3310,snatch,1
3309,snap,1
458,bntx,1
459,board,1
452,bmchealthnet,1
3328,somossalud,1
3306,smi,1
460,bobbi,1
3329,son,1
463,boe,1
3330,sonofthesun333,1
469,boomhealth,1
442,blitz,1
3365,squat,1
3260,shp,1
435,bkoperniku,1
3258,shown,1
3354,split,1
3257,showdown,1
3355,spokan,1
480,bowtellpet,1
3356,spokenword,1
3357,spookier,1
434,bjahnk,1
3359,spotti,1
483,bpeboston,1
3252,shoregivesmor,1
455,bn9covid,1
484,bpolit,1
3361,spring,1
3250,shock,1
3249,shirt,1
432,bishop,1
3363,sputnikv,1
487,brann,1
3364,squar,1
3246,shepherd,1
3245,shenanigan,1
3244,shelter,1
3243,shelbi,1
3259,showtim,1
3352,spent,1
472,boostervaccin,1
3351,spend,1
474,borg,1
3342,speaker,1
475,bossch,1
476,boston,1
3275,sill,1
3343,speci,1
441,blick,1
439,blazerchri,1
3274,silicon,1
3273,silenc,1
438,blackawar,1
3272,significantli,1
3271,signific,1
3270,signatori,1
3269,signalconf,1
3268,signal,1
477,bostonhealth,1
3347,specifi,1
3266,sideling,1
436,bkpark,1
3349,speech,1
3263,shuttl,1
3262,shutterstock,1
3261,shuffl,1
3350,speed,1
529,button,1
557,cannon,1
3178,scottmorrisonmp,1
670,clarita,1
668,cityrun,1
2960,redmond,1
2961,redoubl,1
667,cityofhillsboro,1
2963,reelwithnusrat,1
666,cityofbeaverton,1
2965,refer,1
662,circa,1
2967,refresh,1
2968,refuge,1
661,cidrap,1
2970,refut,1
659,churchon,1
657,christyjofog,1
656,christma,1
669,clara,1
671,clark,1
655,christian,1
2955,recoveredguardian,1
691,closur,1
2938,realiti,1
690,closest,1
2940,realtim,1
2941,rear,1
686,clinica,1
684,climb,1
681,clever,1
2947,recip,1
679,clement,1
678,clearvaccinessavel,1
675,clean,1
2952,reconsid,1
673,clash,1
672,clarkcounti,1
2975,regina,1
654,chrishendel,1
3177,scott,1
643,childhood,1
640,chicken,1
2999,remaind,1
3000,remark,1
638,cherri,1
637,cheer,1
3003,remot,1
636,cheddar,1
3005,rental,1
3006,reopen,1
3007,rep,1
3008,repair,1
3009,repeat,1
3010,replac,1
3011,repli,1
634,chavi,1
2997,reluct,1
2995,relief,1
653,chosen,1
2994,reliabl,1
2979,registri,1
652,chose,1
651,chor,1
2982,regulatori,1
648,chloe,1
2984,reif44,1
2985,reimpos,1
647,chivaxday,1
2987,reinfectionfre,1
2988,reinforc,1
2989,reinstitut,1
2990,reject,1
646,chipublichealth,1
645,childrensphila,1
644,childrensnatl,1
2936,realboostershot,1
2935,realamvoic,1
692,clot,1
2873,punjab,1
717,coloradan,1
2876,pursuant,1
714,collin,1
712,collect,1
2881,puzzl,1
2882,pzifer,1
2883,qampa,1
2885,qr,1
2886,qualif,1
2887,qualifi,1
2888,quantumlabs1,1
2890,queen,1
2891,queensland,1
2892,queerwis,1
708,colin,1
2874,pure,1
719,colsen54,1
2933,readout,1
720,columbia,1
2854,prospect,1
734,commondream,1
2856,protectchicago,1
2858,protocol,1
731,commish,1
730,commerc,1
729,comment,1
727,comirnati,1
2864,psa,1
2865,pt,1
725,comeback,1
2867,publiccitizen,1
722,combat,1
721,column,1
2870,publicsafeti,1
707,cole,1
706,coldstream,1
2896,quicker,1
2897,quickest,1
701,cocktail,1
2918,rapid,1
700,coasttocoast,1
699,coast,1
2922,rational,1
2923,rationalbitch,1
2924,rayantmac,1
2925,rd,1
2926,rduck37,1
697,co,1
2928,react,1
695,cmotamilnadu,1
2930,reactogen,1
694,cmo,1
693,cm,1
702,coconino,1
2915,randy56635607,1
2914,randpaul,1
2905,radic,1
2899,quicktak,1
2900,quit,1
2901,r50,1
2902,raceethn,1
2903,rachelidatweet,1
2904,racism,1
2906,radiolog,1
2913,ralli,1
2907,rafael,1
2908,raider,1
2909,rainer,1
704,coffe,1
2911,rake,1
2912,rale,1
3013,repres,1
633,chattanooga,1
632,chaskadaisi,1
3117,ruse,1
3119,russia,1
3120,russianmad,1
3121,russo,1
3122,ruth,1
3123,rwglaw,1
3124,ryanarbogasttv,1
3125,sacr,1
3126,sacrif,1
3127,sacrific,1
404,bharatbiotech,1
3129,safeand,1
3130,safeatjackson,1
556,cannabi,1
3132,safepassla,1
554,cancerawar,1
3118,russel,1
3116,rural,1
3097,rosita,1
560,capabl,1
3099,roughli,1
569,caren,1
3101,roundhous,1
3102,rout,1
3103,row,1
3104,roxburi,1
3105,rpm,1
3106,rpsagainsttrump,1
3107,rskellner,1
3108,rsna,1
567,career,1
3110,rstat,1
565,cardiac,1
3112,rubycreek,1
562,capesjoy,1
3134,safesitecheckin,1
552,cancel,1
551,canari,1
3137,saginaw,1
3160,saw,1
537,cake,1
3162,saysi,1
536,cajonvalleyusd,1
3164,scenario,1
3165,sceptic,1
3167,schedulingand,1
3168,scheme,1
3169,schizophrenia,1
534,cafe,1
533,caf,1
531,bw,1
530,buy,1
3175,scintilla,1
3176,sclerosi,1
539,califf,1
3157,satir,1
543,cambridg,1
3144,sammi,1
550,canadian,1
549,canada,1
3140,saintjxmmyx,1
3141,salari,1
3142,salk,1
3143,samaritan,1
3145,sammyjay17,1
3154,sarpycass,1
3146,samrodgerskc,1
3148,sanantonioindependentschooldistrict,1
3149,sanfrancisco,1
3150,sanit,1
3151,saniti,1
3153,sarasota,1
3098,rotari,1
3096,roseraleigh,1
631,charter,1
3035,resurfac,1
3037,retain,1
603,celebritynew,1
3039,retweet,1
601,celebgossipandrumor,1
599,cedar,1
3043,reward,1
3044,rf,1
3045,rheaboydmd,1
3046,rhetor,1
3047,rheumat,1
594,ccc,1
3049,rheumatologynet,1
591,cautiou,1
3053,rhode,1
3054,rican,1
604,celinegound,1
3034,resum,1
3095,root,1
606,celliott,1
629,charlottechuck1,1
628,charli,1
626,character,1
622,championship,1
620,chamber,1
618,chain,1
3024,respectrad,1
617,cgtnamerica,1
616,cfr,1
615,certifi,1
613,certainli,1
3029,restartmiga,1
609,centercarrollton,1
3031,restrain,1
607,cent,1
3055,ricekristiric,1
588,categori,1
3058,richter,1
3059,rico,1
575,carolemcguire19,1
3080,robertig,1
3081,robin,1
574,carniv,1
573,carlson,1
3084,rochesterian,1
3085,rohitkadimisetti,1
572,carl,1
3088,rollout,1
3089,roman,1
3090,romania,1
3091,romero,1
3092,ron,1
3093,ronnyjacksontx,1
570,careprofession,1
3078,robbysoav,1
576,carolina,1
3076,roar,1
583,cassi,1
3060,riddanc,1
587,cate,1
584,cassidi,1
3063,rightslgbti,1
3064,rihealth,1
3065,ringwood,1
582,casessom,1
577,carolinian,1
3068,riskdespit,1
3069,riskmanag,1
3070,ritadays1,1
3071,rittenhous,1
580,cartwheelprint,1
579,cartoonsben,1
405,bibekum,1
1519,grante,1
3403,stlcountydoh,1
3845,violat,1
152,ahahospit,1
150,agheni,1
3840,viewingamp,1
3841,vigil,1
3842,vigor,1
3843,vike,1
3844,villag,1
3846,violenc,1
3816,vaxfact,1
148,agent,1
3849,virgotweet,1
3850,virtual,1
145,agathedemarai,1
3852,virus,1
3853,visa,1
3854,visibl,1
155,aid,1
3836,vickico70455126,1
156,aidnmclaughlin,1
3834,veterinari,1
3818,vaxup,1
3820,vaxxx,1
3821,vaxyourfam,1
3822,vdh,1
3823,vdhgov,1
3824,vega,1
164,alameda,1
163,ajplu,1
162,airslat,1
3828,verifi,1
3829,verifythi,1
161,airlin,1
159,air,1
158,aimimmun,1
3833,veteransday,1
142,afghan,1
141,affiniahealth,1
140,affili,1
119,adel,1
3882,waketech,1
3883,wakeupamerica,1
3884,wakeupclt,1
3885,waleg,1
3886,walenski,1
114,adambrioza,1
3888,walkerbragman,1
113,adam,1
111,acyn,1
3892,wallachlori,1
3893,wallet,1
3894,wallethub,1
3895,walshfreedom,1
3896,walt,1
3897,waltdisneyco,1
3880,waitwhat,1
3878,wadepthealth,1
138,advoc,1
3877,vxrt,1
3859,vitrahealth,1
3860,vmp9,1
3861,vocal,1
3862,voic,1
3863,voizeofreazon,1
134,advic,1
133,advertis,1
130,adultsonli,1
128,adopt,1
3870,voucher,1
127,admit,1
3873,vrtx,1
123,admin,1
3875,vtnationalguard,1
120,adirondack,1
166,alberta,1
3815,vaxedatjax,1
3404,stoke,1
3766,uzma,1
194,ameracadp,1
193,amctheatr,1
3761,usmexico,1
3762,utpol,1
3763,utvolginale,1
3764,uwnyc,1
3765,uzbekistan,1
3767,v2019n,1
167,albertabas,1
3768,va,1
3769,vac,1
3770,vacciin,1
190,alyshaclark,1
3772,vaccinatedth,1
3773,vaccinatem,1
3774,vaccinatewa,1
3758,usargb,1
3757,usapathet,1
3756,usaid,1
3754,urgentnews911,1
207,amyklobuchar,1
3739,unvax,1
3740,up,1
206,amrica,1
205,ampamp,1
3743,upheld,1
3744,uphold,1
201,amidst,1
3747,upshot,1
200,ami,1
199,amherst,1
198,amermedicalassn,1
197,americanmedicalassoci,1
3752,urgenc,1
3753,urgent,1
3775,vaccinateyourkid,1
3776,vaccinationcard,1
3777,vaccinationget,1
176,aliv,1
174,alexwitt,1
173,alexpadilla4ca,1
3801,valley,1
3802,valn,1
172,alexi,1
3804,valu,1
3805,vanden,1
3806,vari,1
3807,variabl,1
171,alexbainbridg,1
3809,variat,1
170,aleighmp,1
169,aldineisd,1
168,alcamed,1
3813,vaxaccess,1
3798,vaccineupd,1
3796,vaccinessavesl,1
3778,vaccinationschedul,1
178,allegi,1
183,aloha,1
3780,vaccinedeath,1
180,allisonwsport,1
3782,vaccineforal,1
3783,vaccineforchildren,1
3784,vaccineforkid,1
3785,vaccinehesit,1
3786,vaccineinduc,1
3787,vaccineinjuri,1
3788,vaccinelotteri,1
179,alli,1
3790,vaccinemandatefaq,1
3791,vaccinereadi,1
3792,vaccinerecord,1
3793,vaccines4al,1
103,acr,1
97,acdcnv,1
94,accordingli,1
21,1type,1
25,22nd,1
4010,wors,1
24,206684citi,1
23,200pm,1
22,1yearold,1
4014,wow,1
4015,wral,1
4017,write,1
3901,ward,1
4018,written,1
19,1item,1
4020,wsu,1
4021,wtf,1
4022,wto,1
4023,wuhanviru,1
4024,wv,1
4008,worn,1
26,27m,1
4006,worldaidsday,1
27,29th,1
3989,wombatnshadow,1
3990,womenshealth,1
38,3wk,1
35,35aaim,1
34,330p,1
32,320th,1
3996,workday,1
31,300m,1
3998,workersvolunt,1
3999,workflow,1
4000,workhmmmmm,1
28,2dose,1
4002,workplacebenefit,1
4003,workplacehealth,1
4004,workshop,1
4025,wvdhhr,1
4026,wvmchd,1
4027,wvnews247,1
11,13nov,1
4049,youd,1
10,123pm,1
8,11kit2,1
7,10yo,1
6,10secondslost,1
4054,yourlifeyourchoic,1
5,10newsmarymac,1
4056,youtub,1
4,10new,1
3,10a,1
4059,yvettedath,1
4060,yvwastl,1
4061,zero,1
4062,zeynep,1
2,100k,1
4048,youcdcgov,1
12,13rd,1
4028,wvpress,1
4045,ym,1
4029,wwwcityofdearborncovid19,1
4030,xskinn,1
4031,xstymiex,1
4032,ya,1
4033,yacht,1
4034,yahoonew,1
4035,yale,1
4036,yall,1
4037,ybudman,1
18,1c,1
17,19th,1
16,1950,1
4042,yesisworld,1
14,1877covaxco,1
13,15th,1
39,3x,1
3987,wohl,1
41,4maryland,1
78,abcworldnew,1
3924,web,1
77,abcpolit,1
76,abcindigen,1
75,abc,1
74,abbv,1
73,abbott,1
3931,wednesdayfeel,1
3932,wednesdaymotiv,1
71,aactplu,1
69,9pm,1
68,9am3pm,1
67,9am,1
3937,wehavem,1
3938,weightlift,1
3939,weightloss,1
3923,wearek,1
79,abhorr,1
64,8th,1
81,abound,1
3903,warp,1
88,abysm,1
3906,washingtonpost,1
3907,wasnt,1
3908,wat,1
86,abstract,1
3910,water,1
3911,waterpark,1
3912,watson,1
3913,waukesha,1
85,absolut,1
84,absenc,1
3917,wayn,1
3918,wdtn,1
82,aboutkp,1
65,8yr,1
3943,wellchild,1
43,4tiffanyjustic,1
3965,wholeheartedli,1
51,5yr,1
3968,wider,1
3970,wifi,1
49,5th,1
3972,williamson,1
3973,williamstown,1
48,5pm,1
3975,windham,1
3976,window,1
46,511yo,1
3979,wintheera,1
3980,wire,1
45,511yearold,1
44,50microgram,1
3983,wiseindiana,1
3966,whterbbnadvocat,1
52,60,1
3944,wellnessindiana,1
3963,who,1
3945,wellnesswednesday,1
3947,weselymd,1
3948,wesley,1
61,896k,1
3950,western,1
3951,westvirginia,1
3953,wfla,1
3954,wgarnew,1
3955,whalenmona,1
59,7pm,1
3957,whatcom,1
57,6yearold,1
56,6x,1
3961,whitehowev,1
53,600pm,1
3737,unsur,1
3736,unsaf,1
3735,unresolv,1
3509,technic,1
3502,tday,1
345,barkett,1
3504,teacher,1
3505,teachstrong,1
344,barbcraig7,1
342,baptist,1
3508,teampet,1
341,bankruptci,1
3563,theyr,1
3511,ted,1
340,ban,1
3513,teenatchopra,1
3516,tellingstoriesofu,1
337,backedup,1
3518,temporarili,1
334,babe,1
3501,tcove,1
3500,tcot,1
3499,tcc,1
3498,tax,1
356,battlefield,1
354,basic,1
3485,tacvba,1
3486,taj,1
353,baselin,1
352,baseless,1
3489,takeyourshot,1
350,barryholstein,1
3491,talentacquist,1
349,barrington,1
3493,tallahasse,1
3494,tamil,1
347,barouch,1
346,barn,1
3497,tast,1
3520,tenant,1
3521,tennesse,1
3522,tension,1
317,australia,1
3546,theater,1
314,auspublichealth,1
3548,theatr,1
3549,thechartisgroup,1
3550,thedemcoalit,1
3552,theeiu,1
3553,theeliklein,1
3554,thefitztheat,1
3555,thegarden,1
3556,theprojectun,1
312,august,1
311,augunivers,1
3559,therealrhllor,1
3560,thereturn63,1
3561,thespigot,1
316,austinpublichealth,1
3543,thankyou,1
3523,term,1
3542,thanksgiving2021,1
3524,terribl,1
3525,terrif,1
333,b11529,1
3528,tesla,1
327,avoid,1
326,avma,1
3531,testingvaccin,1
3532,teton,1
325,avir,1
3534,texassupremecourt,1
3535,texastribun,1
3537,tg67210,1
3538,tgowdysc,1
3539,thad,1
321,automat,1
3481,syndrom,1
358,bayri,1
359,bayridg,1
394,besid,1
392,bernadettemcp12,1
391,berlymad,1
3426,structur,1
3427,struggl,1
3428,stubborn,1
390,berkleybearnew,1
3430,studentrun,1
389,berea,1
3432,studio,1
3433,studyabroad,1
3434,studyth,1
3435,stuf,1
3436,stuff,1
388,benton,1
3438,subject,1
393,beshear,1
3421,stroll,1
387,bent,1
3420,strictest,1
3405,stone,1
3406,stonekettl,1
3407,stood,1
403,beyondfall2021,1
3409,stoptheshot,1
3410,stopthespread,1
402,beyondcovid19,1
400,beverli,1
3413,str8,1
3414,strateg,1
399,beverley,1
3416,stratford,1
398,bettydragonfli,1
396,bet,1
3419,stress,1
3439,sublett,1
3441,subscrib,1
3478,sylviatmasebo,1
3461,suppress,1
368,becerra,1
3464,surgeon,1
3465,surgeri,1
366,beauti,1
365,bearsprotect,1
364,bearcat,1
3469,survivor,1
363,beacontheatr,1
362,beach,1
361,bcell,1
3473,svc,1
3474,sveillanc,1
360,bc,1
3476,sweetbillyv1,1
3477,switzerland,1
370,becomingabetterm,1
3460,supporthealthcarework,1
3442,substanti,1
372,beef,1
386,benjimaan22,1
384,benaderet,1
3445,suck,1
383,bellevu,1
3447,suit,1
382,bellamari8mazz,1
378,behavior,1
2852,propagandapowel,1
3451,sun,1
376,beginn,1
3453,sunshin,1
373,beer,1
3455,superconveni,1
3456,superior,1
3457,superpow,1
3562,theuisjourn,1
310,aughealth,1
3734,unpredict,1
221,ann,1
3676,twiliodotorg,1
3677,twinkieangri,1
3678,twitter,1
225,annual,1
3681,twtrrr,1
3682,txfpf,1
222,annalsofim,1
3685,tyranni,1
309,aug,1
3686,uae,1
220,animaeok,1
3688,uc,1
3689,ue,1
3690,uequalsu,1
219,anim,1
3692,ulblockunit,1
228,anthoni,1
3674,twelv,1
229,antibiot,1
3672,tuskeege,1
3656,trumpsblonde1,1
241,anytim,1
3658,trustedcar,1
3659,trustedtech,1
240,anyth,1
3661,tspooki,1
3662,tuckersright,1
238,antwon,1
3664,tuesdayvib,1
3665,tuftshealthplan,1
236,antivaxx,1
3667,tune,1
3668,tupper,1
233,antisci,1
232,antiidiotyp,1
3693,ulsterni,1
3694,ultim,1
3695,ultrarar,1
3717,unfortun,1
213,andalequeespera,1
3720,uniqu,1
212,analyz,1
210,analys,1
3723,uniti,1
3724,univ,1
209,ana,1
3726,univofdayton,1
3727,unknown,1
3728,unless,1
208,amysiskind,1
3730,unmet,1
3731,unnecessari,1
3732,unpopular,1
3733,unpreced,1
3718,uninform,1
3716,unexpect,1
3696,umiamihealth,1
3715,uneth,1
3697,unabl,1
3698,unaccept,1
3699,unanim,1
3700,unccolorado,1
3701,uncertain,1
3702,unchealth,1
3703,uncmedcent,1
3704,unconstitut,1
3706,uncsom,1
3707,undefin,1
3708,under30,1
217,angelakshen,1
3711,underlin,1
3712,underneath,1
3714,unequivoc,1
242,ap,1
3654,truli,1
243,apa,1
3588,tigerstrong,1
291,astonish,1
289,assum,1
3592,timebestinvent,1
3593,tinnitu,1
288,assuag,1
3595,tire,1
285,assembl,1
3597,titer,1
3599,tmobilepark,1
282,asia,1
3601,todaysmedicalupd,1
281,ashpoffici,1
3603,togetherwecan,1
3604,tokyo,1
3605,tokyotom2020,1
3589,tigger,1
3587,tiddapag,1
3607,toler,1
293,asymptomat,1
3566,thinkeri,1
308,audienc,1
3569,thorough,1
3570,thoroughli,1
306,attract,1
305,attorneysasn,1
3574,thread,1
3576,threaten,1
3578,threeprong,1
299,attack,1
297,atp,1
3581,throat,1
296,atmospher,1
3583,throw,1
295,athlet,1
280,ashley,1
3608,toll,1
3652,troubl,1
262,arapaho,1
3632,transgend,1
260,apptm,1
3634,transpar,1
252,applaud,1
251,appl,1
3639,travesti,1
3640,travistritt,1
3644,trenholm,1
246,apejt,1
245,ape,1
3647,trialher,1
3648,tribalbiz,1
3649,triciabrand,1
3650,trillion,1
3651,triumph,1
3630,tradit,1
3627,toyota,1
3609,tom,1
3626,township,1
3610,tomemm,1
3611,tomilahren,1
3612,tomlinson,1
279,ash,1
278,as,1
276,arthur,1
274,arriv,1
273,array,1
271,armi,1
3619,topstori,1
269,arlington,1
3622,toughest,1
268,arkansan,1
267,aris,1
266,arimoin,1
735,commonsens,1
2792,preced,1
2851,proofofvaccin,1
1943,kept,1
1277,failur,1
1947,keytonyc,1
1948,khnew,1
1949,khou,1
1276,fade,1
1274,factual,1
1952,kidshaveaspot,1
1272,factoftheday,1
1954,kilgor,1
1955,kimiversenshow,1
1268,eyedontcaredoy1,1
1957,kingscountyhosp,1
1958,kirou,1
1959,kirouk,1
1960,kirsch,1
1945,kevinmarinoct,1
1942,kentuckypca,1
1962,kjpiorkowska,1
1941,kenolin1,1
1926,jyduclo,1
1927,k12,1
1281,fakenew,1
1929,kag,1
1930,kaitlyn,1
1931,karilak,1
1932,karlanthoni,1
1933,karter,1
1934,keeblrd,1
1280,fake,1
1936,keiki,1
1937,kejriwalmodel,1
1938,kellyashi,1
1939,kemp,1
1279,fairground,1
1961,kitsapsun,1
1963,kmi,1
1924,justsayno,1
1984,kyriako,1
1986,kyvoices4health,1
1987,l3l2ucele,1
1259,explicitli,1
1257,expir,1
1252,expel,1
1991,laborandemploymentlaw,1
1992,laconia,1
1993,ladi,1
1994,ladypoop2,1
1251,expeditionari,1
1248,exist,1
1997,lakeland,1
1998,lamin,1
1247,exhibitor,1
1246,exhibit,1
1985,kyrieirv,1
1262,exposur,1
1964,kmscarborough,1
1982,kynursesassoc,1
1965,kndukndo,1
1966,knew,1
1265,extrastrong,1
1969,knox,1
1970,kpnorcal,1
1971,kpnorthwest,1
1972,kristi,1
1973,ksorb,1
1974,ktvu,1
1976,kxannew,1
1977,kyaapchapt,1
1978,kyelandj,1
1979,kyle,1
1980,kylegriffin1,1
1981,kymedassoc,1
1925,justthefactsonvax,1
1923,justkristi,1
1245,exercis,1
1307,feat,1
1865,jamieg,1
1867,janssen,1
1868,japan,1
1869,jare,1
1871,jcdh,1
1872,jennaellisesq,1
1873,jennaezarik,1
1874,jeopardi,1
1303,fbcc2021,1
1876,jessicamalati,1
1877,jesslpag,1
1302,fbcc,1
1301,faust,1
1880,jewelleri,1
1881,jewelvest,1
1864,jamesekhildreth,1
1862,jailingsfail,1
1883,jill,1
1861,jaffar,1
1319,fellow,1
1318,feelgood,1
1315,feed,1
1847,isnt,1
1848,israel,1
1314,fedpubseminar,1
1850,itand,1
1313,federalcontractor,1
1852,ittakesallofu,1
1853,iv,1
1855,ivermec,1
1309,feb,1
1858,jace78473705,1
1859,jaciwiley,1
1860,jacqehoward,1
1299,fatigu,1
1884,jiminhof,1
1922,julielinsley,1
1904,joinallofu,1
1906,jologart,1
1907,jona,1
1909,jone,1
1910,josecarreras1,1
1911,joshua,1
1912,journal,1
1284,falsifi,1
1914,jpfromhb,1
1915,jrs4a,1
1916,jtowlen,1
1917,juan,1
1283,fallwint,1
1919,judylee81046752,1
1920,jujuski,1
1921,juli,1
1287,familiar,1
1288,familyfreedomendeavor,1
1885,jimjordan,1
1902,johnsonandjohnson,1
1886,jimtalk,1
1887,jjjaaavvviii,1
1298,fatherbob,1
1889,jnjcare,1
1890,jnjnew,1
1891,jo,1
1892,joann,1
1296,faster,1
1294,fashion,1
1896,johnbrownstein,1
1293,fare,1
1898,johnkingcnn,1
1899,johnnypenso,1
1900,johnrobertsfox,1
1289,familyplex,1
2001,laredotx,1
2003,lassoguillermo,1
1127,eastern,1
2114,loyal,1
1161,elliemail,1
2117,lucki,1
2118,lukeae88,1
1160,elli,1
2120,lymanmanzanar,1
2121,lynettejoym,1
2122,lynlink,1
1159,elimin,1
2124,maceal,1
2125,mad,1
1157,eleph,1
2127,maga,1
2128,maggiemfox,1
2129,maggiethemezzo,1
2130,mahalo,1
2115,lrhutyra,1
1162,elsewher,1
1155,electron,1
1164,embrac,1
1174,emt,1
2098,longerlast,1
1173,empresssolac,1
2100,longtermcareinsur,1
1172,empower,1
2102,lorraine451,1
2103,lose,1
2104,loss,1
2105,lost,1
1171,employmentlaw,1
2107,lotteri,1
2108,lou,1
2109,loud,1
1167,emergencyuseauthor,1
1166,emergencymanag,1
1156,elementari,1
1154,electrician,1
2095,longcovid,1
2155,marshablackburn,1
2157,marten,1
2158,martin,1
1139,edmjbg,1
2160,mascot,1
1138,ecuo,1
1137,ecuhhp,1
1136,ecubrodysom,1
1135,ecuador,1
1133,economi,1
2168,masswatch,1
1131,eclip,1
1130,ecampu,1
2171,maternalhealthnichd,1
1129,eatloc,1
2174,matthew,1
2156,mart,1
2154,marlolundaktv,1
2135,mall,1
2153,markjon96618857,1
2136,malpractic,1
2137,malt,1
1150,ehrc,1
1148,eg,1
2141,mandatoryvaccin,1
2142,mandt,1
2143,manhattan,1
2145,mankind,1
1143,eekymom,1
2147,mapoli,1
2148,margare88412781,1
2149,maria,1
1142,edwardiantim,1
1140,edsourc,1
2152,markchangizi,1
2096,longcovid19,1
1177,endcovid,1
1243,execut,1
1222,evanesc,1
2026,learncovid19learncharterorg,1
2027,learnt,1
2028,learnthefact,1
1219,euronew,1
1218,euro,1
2031,leaveourkidsalon,1
1,100euro,1
2033,leec2030,1
2035,leg,1
2038,length,1
2039,lennaleprena,1
2040,leon,1
2041,lessen,1
2042,lesson,1
2043,lest,1
2024,leaki,1
1223,evankirstel,1
1206,eri,1
2021,leadcoalit,1
1242,excus,1
2006,later,1
2008,latin,1
1237,exce,1
2010,latinx,1
2011,laugh,1
1236,examin,1
2013,lauri,1
1235,ewatts78,1
1233,evolut,1
1232,evidencematt,1
2017,lcarriere79,1
2018,lchf,1
1230,everythingand,1
1228,everpopular,1
2046,letsgettoimmun,1
2048,letter,1
2093,lol,1
2071,lintelio,1
1186,enrich,1
2077,liveblog,1
2078,livelihood,1
2079,liveunit,1
2080,lizwheel,1
2081,lloyd,1
2082,lmiorg,1
1182,english,1
2084,lobbycoorg,1
1181,englewood,1
1180,engag,1
2087,lock,1
2089,locoash,1
2090,lodg,1
2092,logist,1
2072,lisa,1
1194,environ,1
2050,levelup,1
2068,lindseygrahamsc,1
2051,levyo,1
2052,lewin,1
1204,equityishealth,1
2055,libertycounsel,1
2056,licens,1
1200,equal,1
2059,lifelong,1
2060,lifetim,1
1199,epoch,1
2062,light,1
1197,epilepsyso,1
2064,likelihood,1
2065,likelystillsom,1
1196,epilepsi,1
2067,limited34,1
1843,irrespect,1
1842,ireland,1
1320,felt,1
1618,heat,1
1620,hegseth,1
1621,heighten,1
1461,getthevax,1
1623,helenbranswel,1
1624,hell,1
1460,getthejab,1
1459,gettestedtuesday,1
1627,herald,1
1458,gettest,1
1457,getlaid,1
1630,hero,1
1456,gershon,1
1455,germantown,1
1633,hftigerprid,1
1634,hg,1
1619,heatherhpierc,1
1465,ggplot2,1
1636,hh,1
1466,ggunthorp,1
1481,globalbusinessoutlook,1
1480,globalbusi,1
1602,headach,1
1477,givingtuesday,1
1473,girrali,1
1472,giraff,1
1471,gingebelfast87,1
1607,healthcaremanag,1
1608,healthequ,1
1470,gild,1
1610,healthier,1
1469,gig,1
1612,healthybusd,1
1613,healthydriven,1
1467,ghealth,1
1635,hgrabenstein,1
1637,hhichilema,1
1598,hcsm,1
1660,hiya,1
1662,hla,1
1663,hochul,1
1433,gari,1
1431,garakusmv,1
1430,gaptelevis,1
1668,homecar,1
1670,honestli,1
1672,hooker,1
1427,gamedev,1
1674,hopelessli,1
1675,hopetheconspiracytheoristsarerightaboutthe5g,1
1425,gallagh,1
1677,hopkins,1
1678,hopkinsmedicin,1
1679,hors,1
1661,hkprdhu,1
1435,garythelandscap,1
1452,georg3,1
1436,gasmanj,1
1639,hhshealth,1
1451,genomewid,1
1448,generationvax,1
1447,generationshc,1
1445,gene,1
1645,highlandscous,1
1444,geert,1
1443,gclaborista,1
1648,highlytransmiss,1
1442,gbnew,1
1651,hilari,1
1653,hillelaron,1
1654,hint,1
1438,gatewayhealthfamili,1
1656,hispan,1
1599,hctcellular,1
1482,globalhealth,1
1840,iphon,1
1538,gsk,1
1540,gt90,1
1510,govtimwalz,1
1509,govt,1
1543,guardian,1
1544,guerrero,1
1545,guesswhosj,1
1507,govlarryhogan,1
1547,gui,1
1504,govcanhealth,1
1503,govaxmontgomeri,1
1500,gotop,1
1551,guilti,1
1499,gotocf,1
1553,gyn,1
1554,gynecolog,1
1511,gp,1
1537,growth,1
1556,hadley,1
1512,grade,1
1521,grappl,1
1522,grasstraximag,1
1517,grandpar,1
1524,gratitud,1
1516,grandpa,1
1526,greater,1
1515,grandfath,1
1528,greatreset,1
1514,grandchild,1
1530,greet,1
1531,greg,1
1532,gregabbotttx,1
1533,greghuntmp,1
1534,ground,1
1513,grail,1
1498,gotig,1
1557,haha,1
1596,havoc,1
1578,harbor,1
1580,harden,1
1486,goat,1
1583,hardhatson,1
1584,hardhit,1
1585,hardwork,1
1586,harm,1
1587,harryirvine10,1
1588,harvard,1
1589,harvardhealth,1
1590,harvardm,1
1591,haryana,1
1592,hasnt,1
1593,hatchshan,1
1594,haul,1
1483,gma,1
1489,goer,1
1577,happyhex,1
1558,haiku,1
1576,happili,1
1559,halestorm,1
1496,googlenew,1
1561,hall,1
1495,googl,1
1563,ham,1
1494,goodnew,1
1565,hamster,1
1567,handcuf,1
1568,handi,1
1569,handl,1
1570,handwash,1
1571,hansstarlif,1
1572,hanyscomm,1
1490,gohealio,1
1575,happiest,1
1680,hospic,1
1682,hospitalizationicu,1
1423,fyi,1
1353,floridian,1
1785,influenti,1
1351,flood,1
1787,infoqpscom,1
1350,flhealthduv,1
1789,infovaccin,1
1790,infrastructur,1
1791,infusiontreat,1
1792,ingenu,1
1794,inject,1
1795,injuri,1
1796,injustic,1
1797,inlegi,1
1798,innov,1
1799,ino4800,1
1800,inocul,1
1784,inflamm,1
1354,florist,1
1802,inpati,1
1781,inevit,1
1360,fluyoubak,1
1766,inde,1
1767,indefinit,1
1768,indepth,1
1770,indiacovidvacin,1
1771,indianachamb,1
1772,indiapostusa,1
1773,indiashawn,1
1358,fluid,1
1775,indiegam,1
1776,indirectli,1
1357,flucovid19,1
1355,flotu,1
1779,induc,1
1780,inequ,1
1801,inovio,1
1348,flckling,1
1422,fwiw,1
1822,internet,1
1824,interrupt,1
1825,interven,1
1826,intervent,1
1827,interview,1
1828,intranas,1
1329,fightcovidnyc,1
1830,intuit,1
1327,field,1
1832,inventor,1
1326,fgen,1
1325,fewer,1
1835,invinc,1
1322,fertil,1
1838,involv,1
1321,fenc,1
1330,fightflu,1
1331,filipino,1
1345,fisher,1
1820,interior,1
1344,firstnation10,1
1806,insle,1
1807,instanc,1
1343,firsthand,1
1809,instil,1
1340,finneganport,1
1811,instruct,1
1334,fin,1
1813,intellectu,1
1814,intelligenc,1
1815,intens,1
1816,intent,1
1817,interact,1
1333,film,1
1819,interim,1
1362,fml,1
1763,inconclus,1
1762,incom,1
1411,frontlin,1
1409,fromcongratul,1
1705,humor,1
1707,hunt,1
1406,fridaymotiv,1
1405,fridayfeel,1
1710,hussain,1
1402,freedum,1
1399,fred83266039,1
1713,hypothes,1
1714,hypothesi,1
1715,hyve,1
1398,francoordonez,1
1717,ice,1
1718,iconquerm,1
1397,francisco,1
1703,humanhealth,1
1701,hughsalt,1
1363,fmrevolut,1
1412,frustrat,1
1685,hotb,1
1686,hotez,1
1420,futrel,1
1419,funkymonkey225,1
1689,household,1
1690,howev,1
1416,fullyvaccin,1
1692,hr3860,1
1693,hrcommun,1
1694,hrprofession,1
1695,hrsa,1
1415,fullvaccin,1
1697,hs,1
1698,hssrheum,1
1699,hticejohnsoncountyiowagov,1
1395,franc,1
1393,foxnewsli,1
1392,foxnewskil,1
1723,ident,1
1745,immunecompromis,1
1375,forest,1
1747,imo,1
1374,forecast,1
1749,impair,1
1373,forcethevotem4a,1
1751,impetu,1
1371,forb,1
1753,impli,1
1369,fool,1
1366,foiltha,1
1365,foia,1
1758,incent,1
1759,inch,1
1364,focu,1
1376,forev,1
1743,immpj10,1
1380,fortbendhealth,1
1386,foundat,1
1390,foxla,1
1726,idph,1
1727,ieeespectrum,1
1387,founder,1
1730,iii,1
1731,ijustin,1
1733,illinoi,1
1740,imleslied154,1
1734,iloveperth,1
1383,forum,1
1382,fortun,1
1381,forthcom,1
1738,imap91,1
1739,imfwho,1
2175,mattswearingen,1
2177,mayb,1
737,communitybas,1
2618,pandemicnew,1
2620,panelist,1
2621,panic,1
2622,pantri,1
2623,papaci,1
2624,paper,1
883,cultur,1
2626,parentguardian,1
2627,parish,1
882,cubould,1
2629,parodi,1
881,ctvkitchen,1
880,ct,1
879,cryptodudemx,1
876,crucial,1
874,cross,1
884,cumberland,1
885,cup,1
873,crobinson18th,1
2616,panda,1
2601,overwhelm,1
2602,owe,1
2603,ownyourlif,1
2604,oxford,1
2605,oxfordcountyppc,1
2606,oxygen,1
2607,oyst,1
2608,pa,1
2609,pace,1
888,curri,1
2611,packer,1
2612,padua,1
886,curious,1
2614,painless,1
2615,painstak,1
2637,parton,1
2639,passeng,1
890,cuti,1
2660,pcr,1
2662,peak,1
861,craft,1
2665,penal,1
2666,penalti,1
859,coz360,1
2668,penicillin,1
858,coz,1
856,covishield,1
855,covidvari,1
2672,perc,1
854,covidvaccinekid,1
2674,percept,1
853,covidvaccinationindia,1
2676,perfectli,1
851,covidvacccin,1
2661,pct,1
2659,pckj3627,1
871,cristina,1
2658,pc,1
870,crisi,1
869,crime,1
2643,pathogen,1
868,creek,1
2646,patriot,1
2647,patriotofameri5,1
866,creation,1
2649,patryanuc,1
2650,patterson,1
2651,pauldecampo,1
2652,paulinehollywoo,1
2653,paus,1
2654,pauwitkowski,1
862,crave,1
2657,payrol,1
2600,overturn,1
891,cvac,1
2679,pericard,1
2530,oil,1
2532,okchealth,1
931,deathten,1
2535,oklahoman,1
2536,okumalift,1
929,deathdlr13,1
927,deasi,1
2539,ole,1
2540,omer,1
2543,omin,1
924,deal,1
2545,oncal,1
2548,oncolog,1
921,deadli,1
2550,oneday,1
2551,onedos,1
932,debat,1
2529,ohsunew,1
2553,oneteamunafamilia,1
2528,ohsudoernbech,1
2513,occup,1
2514,occupydemocrat,1
943,declar,1
2516,ocmoms4liberti,1
2517,oct,1
941,decisionmak,1
2519,odd,1
2520,offalcut,1
938,decept,1
936,deceiv,1
935,decatur,1
933,debkilroy,1
2525,oha,1
2526,ohioan,1
2527,ohiobas,1
2552,oneil,1
919,dcmedicaidmatt,1
2597,over60,1
2576,oregonst,1
2580,orleg,1
2581,orphan,1
2582,orpol,1
899,damag,1
2584,osuwexm,1
898,dalvin,1
2586,otter,1
897,dalebratzl,1
2588,out,1
2591,outlin,1
893,cyrusshahpar46,1
892,cyberharleen,1
2594,outstand,1
2595,outweigh,1
2596,ov,1
2577,org,1
902,danger,1
2556,onlineathen,1
903,dani,1
2557,onset,1
918,dchd,1
2559,onto,1
2560,ope,1
917,dcarea,1
914,davidmcallen6,1
2564,opinion,1
912,dave00d,1
909,datacurtain,1
908,dataanalyt,1
905,dare2bwel,1
2570,optimist,1
904,danielandrewsmp,1
2572,optout,1
2573,oral,1
850,covidtest,1
849,covidpandem,1
2178,mayerhawthorn,1
2786,powel,1
2788,pozmagazin,1
790,conveni,1
786,contrera,1
1520,graphic,1
2793,preciou,1
2794,precondit,1
2795,precvaccin,1
784,contra,1
2797,predictor,1
782,contin,1
781,context,1
778,consumerreport,1
2802,preliminari,1
2803,premis,1
777,consum,1
791,convers,1
2784,potusap,1
2806,preschool,1
795,convo,1
2766,pool,1
2767,poorer,1
2768,poorli,1
804,cordelia,1
803,corbinmckinlay,1
2771,popsiewagga1,1
2773,portal,1
2774,portfolio,1
2775,portlandcc,1
800,coordin,1
799,cooper,1
798,cooki,1
797,cook,1
2780,postur,1
796,conxion,1
2805,preregistr,1
2807,prescrib,1
2763,polio,1
2829,pro,1
2831,probabl,1
2832,probe,1
754,concentr,1
752,comprehens,1
751,compon,1
2838,professor,1
750,compliment,1
744,compil,1
742,compel,1
2844,prohealth,1
2845,prohibit,1
739,communityimmunitywv,1
2847,promis,1
738,communityimmun,1
2849,prompt,1
2830,proactiv,1
2828,prize,1
776,conspiracyb0t,1
759,concret,1
2809,preset,1
775,consortium,1
2811,press,1
2812,preterm,1
2813,prethanksgiv,1
2814,pretti,1
2815,preval,1
769,consensu,1
768,conscienc,1
767,connecticut,1
2820,princip,1
2821,print,1
766,connect,1
2823,priorit,1
2826,privaci,1
805,core,1
2762,policymak,1
2681,perpetr,1
2701,pharmaceut,1
2703,pharmacytechnician,1
840,covid19colorado,1
839,covid19au,1
838,covi19vaccin,1
2707,phem4evr,1
2708,phi,1
2709,phidotorg,1
2710,philanthopi,1
2711,philanthropi,1
2712,philkabl,1
2713,phimarypittman,1
2714,phinsf,1
836,cover,1
835,covaxin,1
2718,phrase,1
841,covid19new,1
842,covid19outreach,1
2720,phulten,1
2699,pgchealth,1
2682,persist,1
2684,personday,1
2685,personnel,1
2686,pertain,1
2687,pervas,1
2688,pete,1
2689,petebuttigieg,1
2690,peteforamerica,1
2691,peter,1
847,covidinform,1
2693,peterrowen,1
2694,petit,1
846,coviddeni,1
845,covid19with,1
2698,pfizerg,1
2719,phrma,1
831,countyofla,1
809,coronavirus,1
2742,plandem,1
2744,plateau,1
2745,plattsmouth,1
819,cosponsor,1
2747,playdat,1
818,cosmicengin,1
817,cosagov,1
2750,plaza,1
816,corrobor,1
2752,pleasant,1
2753,pleaseretweet,1
813,corpor,1
812,corpmedia,1
2757,poi,1
2759,poli,1
810,coronavirusnew,1
2743,planet,1
821,costa,1
2723,pic,1
2740,plain,1
830,countylevel,1
828,countless,1
2726,picton,1
2727,pictur,1
2728,pie,1
2729,piec,1
2730,piedmont,1
2731,pihu,1
825,councilmemb,1
2733,pino,1
2734,piper,1
2735,pittsburgh,1
2736,pittsford,1
2737,pivot,1
2738,pkbnew,1
2512,occultb0t,1
2511,occasion,1
2510,occamsrazor,1
1080,dontwaitvaccin,1
2283,misplac,1
2284,misrepresent,1
1078,donthorson,1
2286,mission,1
1077,dontbetheproblem,1
2288,mistak,1
2289,mithurheum,1
1075,donotcovidm,1
1074,donotcons,1
2292,mixandmatch,1
2293,mlk50memphi,1
2294,mlo,1
1073,donotcompli,1
2296,mnhealth,1
2297,mnrick4trump,1
2281,misguid,1
2279,misc,1
1071,donlemon,1
2278,miracoalit,1
1092,drill,1
1090,draw,1
1089,dramat,1
2265,mine,1
2266,minefield,1
2267,mineralssci,1
2268,minigr,1
2269,minim,1
1086,dovenew,1
2271,ministeri,1
2272,ministri,1
1085,doubt,1
2274,minnesotadh,1
2275,minnesotan,1
1082,dope,1
2299,mobley,1
2301,moder,1
2260,mill,1
1057,do,1
2324,mood,1
2325,moodi,1
2326,moregt,1
2327,moreton,1
1055,dmv,1
2329,morpheusb,1
2330,moscicki,1
1053,djokov,1
1052,djcelt,1
2333,motiv,1
2334,mound,1
2335,mount,1
2336,mountsinainyc,1
2337,mouse,1
1051,dj280zx,1
1056,dnevozhai,1
2321,montgomeri,1
1068,domin,1
2320,montcohealthpa,1
2303,modernaboost,1
2304,modernatx,1
2305,moffittnew,1
2306,moh,1
1066,dolli,1
2309,momentum,1
2310,moms4liberti,1
1065,dollar,1
2312,monetari,1
2313,money,1
2314,monfri,1
1064,doitforsa,1
2317,monopol,1
1062,dog,1
1060,dod,1
1093,drink,1
2258,mileston,1
2509,oc,1
2198,mede,1
1118,earl,1
2201,medicaid,1
2202,medicalmonday,1
1117,eagl,1
1116,ea,1
2206,medrxiv,1
2207,medstop,1
2208,medtech,1
2209,medtwitt,1
2211,meghanbragg,1
1112,duplic,1
1111,duke,1
2214,mellow,1
1109,dudley,1
2216,memori,1
2199,mediait,1
2197,med,1
2218,meneh,1
2196,meckcounti,1
2179,mayo,1
2180,mayoclin,1
2181,mayorpet,1
1126,east,1
2183,mcconaughey,1
2184,mcgaug,1
2185,mckinley,1
1122,earth,1
2188,mdreport,1
2189,meal,1
1121,earn,1
2191,meaning,1
1120,earlier,1
2193,measlesvector,1
2195,measureremot,1
1108,du,1
2219,menopaus,1
2257,mile,1
2239,mhealth,1
2241,miami,1
2242,michael,1
2243,michel,1
2244,micheleandreag1,1
2245,michelescheffl1,1
1099,drlouisehansen,1
2247,michigand,1
2248,michiganhh,1
2249,middl,1
1098,drleanawen,1
1097,driveup,1
2252,mike,1
2253,mikecompton,1
2254,mikejohansenmd,1
2255,mikescarcella,1
2240,mhtnhhealth,1
2238,mgmreadi,1
2220,menshealth,1
2237,mf,1
1107,dsbn,1
2222,mention,1
2223,mercer,1
1106,drwilner,1
1104,drtomfrieden,1
2226,mercnew,1
2227,mercola,1
2228,mercysgf,1
2229,merissahansen17,1
1103,drsmeena,1
2231,messeng,1
1102,drronaldpi,1
2233,method,1
2235,metropolitanhospit,1
1100,drmendalia,1
1050,dixi,1
2340,mrcygrc,1
1047,diver,1
2448,nolimittb31,1
2450,noncitizen,1
2451,nonclin,1
2452,nonetheless,1
2453,nonimmigr,1
2454,noninfecti,1
2455,nonou,1
2456,nonperish,1
2457,nonu,1
978,dental,1
2459,noosa,1
2460,noplacelikelearn,1
977,densiti,1
2462,normalci,1
976,denounc,1
2464,northcarolina,1
2449,nomandatoryvaccin,1
2447,nodal,1
2466,northstarcampaign,1
2446,noco,1
2429,nhbr,1
2430,nhp,1
2431,nice,1
2432,nichd,1
2433,nichol,1
2434,niec,1
984,depot,1
983,depopul,1
980,departmentofhealth,1
2440,nkagetsu,1
2441,nm,1
2442,nmleg,1
2443,nmphaoffici,1
2444,nmpol,1
2445,noak,1
975,denomin,1
974,deniseroland,1
2344,msa,1
959,delet,1
956,defin,1
955,defer,1
952,deep,1
2496,nyu,1
2497,oaklandcounti,1
951,deelatta,1
2499,ob,1
949,dedhamthr,1
2501,oblig,1
2502,obscur,1
948,dedhamma,1
2504,obstacl,1
2505,obstetr,1
947,dedhamboh,1
945,decor,1
2492,nychealthcommr,1
2490,ny,1
2468,northwestern,1
2489,nvo,1
973,denial,1
2470,nosideeffect,1
2473,noth,1
2474,notoveryet,1
969,democrat,1
2477,novak,1
2478,novavax,1
966,deltaplu,1
964,dellasanto,1
2483,nunyabizniz80,1
961,delhigovtschool,1
960,delhi,1
2486,nursewrit,1
2487,nut,1
2488,nutrit,1
985,dept,1
2427,nfl,1
2426,nfdin2021,1
2366,myhospit,1
1033,disinformationcampaign,1
1032,disinform,1
2370,mythbustingmonday,1
2371,naacpecu,1
2372,nadu,1
1031,dishearten,1
2374,nami,1
2375,nashvil,1
2377,nationalpharmacytechnicianday,1
1026,disclos,1
1025,discharg,1
2381,navajo,1
2382,navarret,1
2383,navi,1
2384,nba,1
2367,mymgm,1
2365,myeloma,1
2425,nfd,1
2364,mychart,1
1044,distinct,1
2346,mtleg,1
2347,mtpol,1
1041,display,1
1040,dispers,1
2350,muddl,1
2351,mull,1
2352,multco,1
2354,multiplatform,1
2356,muneer,1
2357,municip,1
1037,disobediencemi,1
1036,disneypark,1
2360,musserryan,1
2362,mutant,1
2385,nbc,1
2387,ncdhh,1
1018,dilut,1
1017,dilig,1
2408,net,1
2409,network,1
2410,neuroimmunolog,1
2411,neuroinflamm,1
2412,neurolog,1
992,destin,1
2416,newest,1
989,deserv,1
988,deschut,1
2419,newsi,1
987,deptofdefens,1
2421,newsom,1
986,deptbydept,1
2423,nextdoor,1
2424,nez,1
2407,nephew,1
2406,neighborhoodhth,1
997,devast,1
1007,diana,1
1016,digitalhealth,1
2391,ncgovernor,1
1009,dictat,1
1008,diari,1
2394,ncr,1
2395,ne,1
1006,diamondandsilk,1
999,developmentmonoclon,1
1005,dial,1
1002,dhec,1
2400,nebraska,1
1001,dhcsca,1
1000,devic,1
2403,needl,1
4064,zoo,1
